{"cameraMode":{"drawMode":0,"name":"Shaded","section":"Shading Mode"},"sceneLighting":true,"audioPlay":false,"sceneViewState":{"m_AlwaysRefresh":false,"showFog":true,"showSkybox":true,"showFlares":true,"showImageEffects":true,"showParticleSystems":true,"showVisualEffectGraphs":true,"m_FxEnabled":true},"in2DMode":false,"pivot":{"x":847.0147094726563,"y":226.21185302734376,"z":-54.34446716308594},"rotation":{"x":-0.09730999171733856,"y":-0.05222611874341965,"z":0.005113514605909586,"w":-0.9938727617263794},"size":619.5760498046875,"orthographic":false}