{"cameraMode":{"drawMode":0,"name":"Shaded","section":"Shading Mode"},"sceneLighting":false,"audioPlay":false,"sceneViewState":{"showFog":true,"showMaterialUpdate":true,"showSkybox":false,"showFlares":true,"showImageEffects":true,"showParticleSystems":true},"in2DMode":false,"pivot":{"x":27.49170684814453,"y":0.0,"z":30.24764060974121},"rotation":{"x":0.08090819418430329,"y":0.008970371447503567,"z":-0.0007281933212652803,"w":0.9966809153556824},"size":3.5234358310699465,"orthographic":true}