{"cameraMode":{"drawMode":0,"name":"Shaded","section":"Shading Mode"},"sceneLighting":true,"audioPlay":false,"sceneViewState":{"showFog":true,"showMaterialUpdate":true,"showSkybox":true,"showFlares":true,"showImageEffects":true,"showParticleSystems":true},"in2DMode":false,"pivot":{"x":258.2939453125,"y":1.002197265625,"z":191.8203125},"rotation":{"x":-0.10911431163549423,"y":-0.31962257623672488,"z":0.037083446979522708,"w":-0.9405107498168945},"size":7.607846736907959,"orthographic":true}